19000000001	,abcabc
19000000002	,abcabc
19000000003	,abcabc
19000000004	,abcabc
19000000005	,abcabc
19000000006	,abcabc
19000000007	,abcabc
19000000008	,abcabc
19000000009	,abcabc
19000000010	,abcabc
19000000011	,abcabc
19000000012	,abcabc
19000000013	,abcabc
19000000014	,abcabc
19000000015	,abcabc
19000000016	,abcabc
19000000017	,abcabc
19000000018	,abcabc
19000000019	,abcabc
19000000020	,abcabc
19000000021	,abcabc
19000000022	,abcabc
19000000023	,abcabc
19000000024	,abcabc
19000000025	,abcabc
19000000026	,abcabc
19000000027	,abcabc
19000000028	,abcabc
19000000029	,abcabc
19000000030	,abcabc
19000000031	,abcabc
19000000032	,abcabc
19000000033	,abcabc
19000000034	,abcabc
19000000035	,abcabc
19000000036	,abcabc
19000000037	,abcabc
19000000038	,abcabc
19000000039	,abcabc
19000000040	,abcabc
19000000041	,abcabc
19000000042	,abcabc
19000000043	,abcabc
19000000044	,abcabc
19000000045	,abcabc
19000000046	,abcabc
19000000047	,abcabc
19000000048	,abcabc
19000000049	,abcabc
19000000050	,abcabc
19000000051	,abcabc
19000000052	,abcabc
19000000053	,abcabc
19000000054	,abcabc
19000000055	,abcabc
19000000056	,abcabc
19000000057	,abcabc
19000000058	,abcabc
19000000059	,abcabc
19000000060	,abcabc
19000000061	,abcabc
19000000062	,abcabc
19000000063	,abcabc
19000000064	,abcabc
19000000065	,abcabc
19000000066	,abcabc
19000000067	,abcabc
19000000068	,abcabc
19000000069	,abcabc
19000000070	,abcabc
19000000071	,abcabc
19000000072	,abcabc
19000000073	,abcabc
19000000074	,abcabc
19000000075	,abcabc
19000000076	,abcabc
19000000077	,abcabc
19000000078	,abcabc
19000000079	,abcabc
19000000080	,abcabc
19000000081	,abcabc
19000000082	,abcabc
19000000083	,abcabc
19000000084	,abcabc
19000000085	,abcabc
19000000086	,abcabc
19000000087	,abcabc
19000000088	,abcabc
19000000089	,abcabc
19000000090	,abcabc
19000000091	,abcabc
19000000092	,abcabc
19000000093	,abcabc
19000000094	,abcabc
19000000095	,abcabc
19000000096	,abcabc
19000000097	,abcabc
19000000098	,abcabc
19000000099	,abcabc
19000000100	,abcabc
19000000101	,abcabc
19000000102	,abcabc
19000000103	,abcabc
19000000104	,abcabc
19000000105	,abcabc
19000000106	,abcabc
19000000107	,abcabc
19000000108	,abcabc
19000000109	,abcabc
19000000110	,abcabc
19000000111	,abcabc
19000000112	,abcabc
19000000113	,abcabc
19000000114	,abcabc
19000000115	,abcabc
19000000116	,abcabc
19000000117	,abcabc
19000000118	,abcabc
19000000119	,abcabc
19000000120	,abcabc
19000000121	,abcabc
19000000122	,abcabc
19000000123	,abcabc
19000000124	,abcabc
19000000125	,abcabc
19000000126	,abcabc
19000000127	,abcabc
19000000128	,abcabc
19000000129	,abcabc
19000000130	,abcabc
19000000131	,abcabc
19000000132	,abcabc
19000000133	,abcabc
19000000134	,abcabc
19000000135	,abcabc
19000000136	,abcabc
19000000137	,abcabc
19000000138	,abcabc
19000000139	,abcabc
19000000140	,abcabc
19000000141	,abcabc
19000000142	,abcabc
19000000143	,abcabc
19000000144	,abcabc
19000000145	,abcabc
19000000146	,abcabc
19000000147	,abcabc
19000000148	,abcabc
19000000149	,abcabc
19000000150	,abcabc
19000000151	,abcabc
19000000152	,abcabc
19000000153	,abcabc
19000000154	,abcabc
19000000155	,abcabc
19000000156	,abcabc
19000000157	,abcabc
19000000158	,abcabc
19000000159	,abcabc
19000000160	,abcabc
19000000161	,abcabc
19000000162	,abcabc
19000000163	,abcabc
19000000164	,abcabc
19000000165	,abcabc
19000000166	,abcabc
19000000167	,abcabc
19000000168	,abcabc
19000000169	,abcabc
19000000170	,abcabc
19000000171	,abcabc
19000000172	,abcabc
19000000173	,abcabc
19000000174	,abcabc
19000000175	,abcabc
19000000176	,abcabc
19000000177	,abcabc
19000000178	,abcabc
19000000179	,abcabc
19000000180	,abcabc
19000000181	,abcabc
19000000182	,abcabc
19000000183	,abcabc
19000000184	,abcabc
19000000185	,abcabc
19000000186	,abcabc
19000000187	,abcabc
19000000188	,abcabc
19000000189	,abcabc
19000000190	,abcabc
19000000191	,abcabc
19000000192	,abcabc
19000000193	,abcabc
19000000194	,abcabc
19000000195	,abcabc
19000000196	,abcabc
19000000197	,abcabc
19000000198	,abcabc
19000000199	,abcabc
19000000200	,abcabc
19000000201	,abcabc
19000000202	,abcabc
19000000203	,abcabc
19000000204	,abcabc
19000000205	,abcabc
19000000206	,abcabc
19000000207	,abcabc
19000000208	,abcabc
19000000209	,abcabc
19000000210	,abcabc
19000000211	,abcabc
19000000212	,abcabc
19000000213	,abcabc
19000000214	,abcabc
19000000215	,abcabc
19000000216	,abcabc
19000000217	,abcabc
19000000218	,abcabc
19000000219	,abcabc
19000000220	,abcabc
19000000221	,abcabc
19000000222	,abcabc
19000000223	,abcabc
19000000224	,abcabc
19000000225	,abcabc
19000000226	,abcabc
19000000227	,abcabc
19000000228	,abcabc
19000000229	,abcabc
19000000230	,abcabc
19000000231	,abcabc
19000000232	,abcabc
19000000233	,abcabc
19000000234	,abcabc
19000000235	,abcabc
19000000236	,abcabc
19000000237	,abcabc
19000000238	,abcabc
19000000239	,abcabc
19000000240	,abcabc
19000000241	,abcabc
19000000242	,abcabc
19000000243	,abcabc
19000000244	,abcabc
19000000245	,abcabc
19000000246	,abcabc
19000000247	,abcabc
19000000248	,abcabc
19000000249	,abcabc
19000000250	,abcabc
19000000251	,abcabc
19000000252	,abcabc
19000000253	,abcabc
19000000254	,abcabc
19000000255	,abcabc
19000000256	,abcabc
19000000257	,abcabc
19000000258	,abcabc
19000000259	,abcabc
19000000260	,abcabc
19000000261	,abcabc
19000000262	,abcabc
19000000263	,abcabc
19000000264	,abcabc
19000000265	,abcabc
19000000266	,abcabc
19000000267	,abcabc
19000000268	,abcabc
19000000269	,abcabc
19000000270	,abcabc
19000000271	,abcabc
19000000272	,abcabc
19000000273	,abcabc
19000000274	,abcabc
19000000275	,abcabc
19000000276	,abcabc
19000000277	,abcabc
19000000278	,abcabc
19000000279	,abcabc
19000000280	,abcabc
19000000281	,abcabc
19000000282	,abcabc
19000000283	,abcabc
19000000284	,abcabc
19000000285	,abcabc
19000000286	,abcabc
19000000287	,abcabc
19000000288	,abcabc
19000000289	,abcabc
19000000290	,abcabc
19000000291	,abcabc
19000000292	,abcabc
19000000293	,abcabc
19000000294	,abcabc
19000000295	,abcabc
19000000296	,abcabc
19000000297	,abcabc
19000000298	,abcabc
19000000299	,abcabc
19000000300	,abcabc
19000000301	,abcabc
19000000302	,abcabc
19000000303	,abcabc
19000000304	,abcabc
19000000305	,abcabc
19000000306	,abcabc
19000000307	,abcabc
19000000308	,abcabc
19000000309	,abcabc
19000000310	,abcabc
19000000311	,abcabc
19000000312	,abcabc
19000000313	,abcabc
19000000314	,abcabc
19000000315	,abcabc
19000000316	,abcabc
19000000317	,abcabc
19000000318	,abcabc
19000000319	,abcabc
19000000320	,abcabc
19000000321	,abcabc
19000000322	,abcabc
19000000323	,abcabc
19000000324	,abcabc
19000000325	,abcabc
19000000326	,abcabc
19000000327	,abcabc
19000000328	,abcabc
19000000329	,abcabc
19000000330	,abcabc
19000000331	,abcabc
19000000332	,abcabc
19000000333	,abcabc
19000000334	,abcabc
19000000335	,abcabc
19000000336	,abcabc
19000000337	,abcabc
19000000338	,abcabc
19000000339	,abcabc
19000000340	,abcabc
19000000341	,abcabc
19000000342	,abcabc
19000000343	,abcabc
19000000344	,abcabc
19000000345	,abcabc
19000000346	,abcabc
19000000347	,abcabc
19000000348	,abcabc
19000000349	,abcabc
19000000350	,abcabc
19000000351	,abcabc
19000000352	,abcabc
19000000353	,abcabc
19000000354	,abcabc
19000000355	,abcabc
19000000356	,abcabc
19000000357	,abcabc
19000000358	,abcabc
19000000359	,abcabc
19000000360	,abcabc
19000000361	,abcabc
19000000362	,abcabc
19000000363	,abcabc
19000000364	,abcabc
19000000365	,abcabc
19000000366	,abcabc
19000000367	,abcabc
19000000368	,abcabc
19000000369	,abcabc
19000000370	,abcabc
19000000371	,abcabc
19000000372	,abcabc
19000000373	,abcabc
19000000374	,abcabc
19000000375	,abcabc
19000000376	,abcabc
19000000377	,abcabc
19000000378	,abcabc
19000000379	,abcabc
19000000380	,abcabc
19000000381	,abcabc
19000000382	,abcabc
19000000383	,abcabc
19000000384	,abcabc
19000000385	,abcabc
19000000386	,abcabc
19000000387	,abcabc
19000000388	,abcabc
19000000389	,abcabc
19000000390	,abcabc
19000000391	,abcabc
19000000392	,abcabc
19000000393	,abcabc
19000000394	,abcabc
19000000395	,abcabc
19000000396	,abcabc
19000000397	,abcabc
19000000398	,abcabc
19000000399	,abcabc
19000000400	,abcabc
19000000401	,abcabc
19000000402	,abcabc
19000000403	,abcabc
19000000404	,abcabc
19000000405	,abcabc
19000000406	,abcabc
19000000407	,abcabc
19000000408	,abcabc
19000000409	,abcabc
19000000410	,abcabc
19000000411	,abcabc
19000000412	,abcabc
19000000413	,abcabc
19000000414	,abcabc
19000000415	,abcabc
19000000416	,abcabc
19000000417	,abcabc
19000000418	,abcabc
19000000419	,abcabc
19000000420	,abcabc
19000000421	,abcabc
19000000422	,abcabc
19000000423	,abcabc
19000000424	,abcabc
19000000425	,abcabc
19000000426	,abcabc
19000000427	,abcabc
19000000428	,abcabc
19000000429	,abcabc
19000000430	,abcabc
19000000431	,abcabc
19000000432	,abcabc
19000000433	,abcabc
19000000434	,abcabc
19000000435	,abcabc
19000000436	,abcabc
19000000437	,abcabc
19000000438	,abcabc
19000000439	,abcabc
19000000440	,abcabc
19000000441	,abcabc
19000000442	,abcabc
19000000443	,abcabc
19000000444	,abcabc
19000000445	,abcabc
19000000446	,abcabc
19000000447	,abcabc
19000000448	,abcabc
19000000449	,abcabc
19000000450	,abcabc
19000000451	,abcabc
19000000452	,abcabc
19000000453	,abcabc
19000000454	,abcabc
19000000455	,abcabc
19000000456	,abcabc
19000000457	,abcabc
19000000458	,abcabc
19000000459	,abcabc
19000000460	,abcabc
19000000461	,abcabc
19000000462	,abcabc
19000000463	,abcabc
19000000464	,abcabc
19000000465	,abcabc
19000000466	,abcabc
19000000467	,abcabc
19000000468	,abcabc
19000000469	,abcabc
19000000470	,abcabc
19000000471	,abcabc
19000000472	,abcabc
19000000473	,abcabc
19000000474	,abcabc
19000000475	,abcabc
19000000476	,abcabc
19000000477	,abcabc
19000000478	,abcabc
19000000479	,abcabc
19000000480	,abcabc
19000000481	,abcabc
19000000482	,abcabc
19000000483	,abcabc
19000000484	,abcabc
19000000485	,abcabc
19000000486	,abcabc
19000000487	,abcabc
19000000488	,abcabc
19000000489	,abcabc
19000000490	,abcabc
19000000491	,abcabc
19000000492	,abcabc
19000000493	,abcabc
19000000494	,abcabc
19000000495	,abcabc
19000000496	,abcabc
19000000497	,abcabc
19000000498	,abcabc
19000000499	,abcabc
19000000500	,abcabc
19000000501	,abcabc
19000000502	,abcabc
19000000503	,abcabc
19000000504	,abcabc
19000000505	,abcabc
19000000506	,abcabc
19000000507	,abcabc
19000000508	,abcabc
19000000509	,abcabc
19000000510	,abcabc
19000000511	,abcabc
19000000512	,abcabc
19000000513	,abcabc
19000000514	,abcabc
19000000515	,abcabc
19000000516	,abcabc
19000000517	,abcabc
19000000518	,abcabc
19000000519	,abcabc
19000000520	,abcabc
19000000521	,abcabc
19000000522	,abcabc
19000000523	,abcabc
19000000524	,abcabc
19000000525	,abcabc
19000000526	,abcabc
19000000527	,abcabc
19000000528	,abcabc
19000000529	,abcabc
19000000530	,abcabc
19000000531	,abcabc
19000000532	,abcabc
19000000533	,abcabc
19000000534	,abcabc
19000000535	,abcabc
19000000536	,abcabc
19000000537	,abcabc
19000000538	,abcabc
19000000539	,abcabc
19000000540	,abcabc
19000000541	,abcabc
19000000542	,abcabc
19000000543	,abcabc
19000000544	,abcabc
19000000545	,abcabc
19000000546	,abcabc
19000000547	,abcabc
19000000548	,abcabc
19000000549	,abcabc
19000000550	,abcabc
19000000551	,abcabc
19000000552	,abcabc
19000000553	,abcabc
19000000554	,abcabc
19000000555	,abcabc
19000000556	,abcabc
19000000557	,abcabc
19000000558	,abcabc
19000000559	,abcabc
19000000560	,abcabc
19000000561	,abcabc
19000000562	,abcabc
19000000563	,abcabc
19000000564	,abcabc
19000000565	,abcabc
19000000566	,abcabc
19000000567	,abcabc
19000000568	,abcabc
19000000569	,abcabc
19000000570	,abcabc
19000000571	,abcabc
19000000572	,abcabc
19000000573	,abcabc
19000000574	,abcabc
19000000575	,abcabc
19000000576	,abcabc
19000000577	,abcabc
19000000578	,abcabc
19000000579	,abcabc
19000000580	,abcabc
19000000581	,abcabc
19000000582	,abcabc
19000000583	,abcabc
19000000584	,abcabc
19000000585	,abcabc
19000000586	,abcabc
19000000587	,abcabc
19000000588	,abcabc
19000000589	,abcabc
19000000590	,abcabc
19000000591	,abcabc
19000000592	,abcabc
19000000593	,abcabc
19000000594	,abcabc
19000000595	,abcabc
19000000596	,abcabc
19000000597	,abcabc
19000000598	,abcabc
19000000599	,abcabc
19000000600	,abcabc
19000000601	,abcabc
19000000602	,abcabc
19000000603	,abcabc
19000000604	,abcabc
19000000605	,abcabc
19000000606	,abcabc
19000000607	,abcabc
19000000608	,abcabc
19000000609	,abcabc
19000000610	,abcabc
19000000611	,abcabc
19000000612	,abcabc
19000000613	,abcabc
19000000614	,abcabc
19000000615	,abcabc
19000000616	,abcabc
19000000617	,abcabc
19000000618	,abcabc
19000000619	,abcabc
19000000620	,abcabc
19000000621	,abcabc
19000000622	,abcabc
19000000623	,abcabc
19000000624	,abcabc
19000000625	,abcabc
19000000626	,abcabc
19000000627	,abcabc
19000000628	,abcabc
19000000629	,abcabc
19000000630	,abcabc
19000000631	,abcabc
19000000632	,abcabc
19000000633	,abcabc
19000000634	,abcabc
19000000635	,abcabc
19000000636	,abcabc
19000000637	,abcabc
19000000638	,abcabc
19000000639	,abcabc
19000000640	,abcabc
19000000641	,abcabc
19000000642	,abcabc
19000000643	,abcabc
19000000644	,abcabc
19000000645	,abcabc
19000000646	,abcabc
19000000647	,abcabc
19000000648	,abcabc
19000000649	,abcabc
19000000650	,abcabc
19000000651	,abcabc
19000000652	,abcabc
19000000653	,abcabc
19000000654	,abcabc
19000000655	,abcabc
19000000656	,abcabc
19000000657	,abcabc
19000000658	,abcabc
19000000659	,abcabc
19000000660	,abcabc
19000000661	,abcabc
19000000662	,abcabc
19000000663	,abcabc
19000000664	,abcabc
19000000665	,abcabc
19000000666	,abcabc
19000000667	,abcabc
19000000668	,abcabc
19000000669	,abcabc
19000000670	,abcabc
19000000671	,abcabc
19000000672	,abcabc
19000000673	,abcabc
19000000674	,abcabc
19000000675	,abcabc
19000000676	,abcabc
19000000677	,abcabc
19000000678	,abcabc
19000000679	,abcabc
19000000680	,abcabc
19000000681	,abcabc
19000000682	,abcabc
19000000683	,abcabc
19000000684	,abcabc
19000000685	,abcabc
19000000686	,abcabc
19000000687	,abcabc
19000000688	,abcabc
19000000689	,abcabc
19000000690	,abcabc
19000000691	,abcabc
19000000692	,abcabc
19000000693	,abcabc
19000000694	,abcabc
19000000695	,abcabc
19000000696	,abcabc
19000000697	,abcabc
19000000698	,abcabc
19000000699	,abcabc
19000000700	,abcabc
19000000701	,abcabc
19000000702	,abcabc
19000000703	,abcabc
19000000704	,abcabc
19000000705	,abcabc
19000000706	,abcabc
19000000707	,abcabc
19000000708	,abcabc
19000000709	,abcabc
19000000710	,abcabc
19000000711	,abcabc
19000000712	,abcabc
19000000713	,abcabc
19000000714	,abcabc
19000000715	,abcabc
19000000716	,abcabc
19000000717	,abcabc
19000000718	,abcabc
19000000719	,abcabc
19000000720	,abcabc
19000000721	,abcabc
19000000722	,abcabc
19000000723	,abcabc
19000000724	,abcabc
19000000725	,abcabc
19000000726	,abcabc
19000000727	,abcabc
19000000728	,abcabc
19000000729	,abcabc
19000000730	,abcabc
19000000731	,abcabc
19000000732	,abcabc
19000000733	,abcabc
19000000734	,abcabc
19000000735	,abcabc
19000000736	,abcabc
19000000737	,abcabc
19000000738	,abcabc
19000000739	,abcabc
19000000740	,abcabc
19000000741	,abcabc
19000000742	,abcabc
19000000743	,abcabc
19000000744	,abcabc
19000000745	,abcabc
19000000746	,abcabc
19000000747	,abcabc
19000000748	,abcabc
19000000749	,abcabc
19000000750	,abcabc
19000000751	,abcabc
19000000752	,abcabc
19000000753	,abcabc
19000000754	,abcabc
19000000755	,abcabc
19000000756	,abcabc
19000000757	,abcabc
19000000758	,abcabc
19000000759	,abcabc
19000000760	,abcabc
19000000761	,abcabc
19000000762	,abcabc
19000000763	,abcabc
19000000764	,abcabc
19000000765	,abcabc
19000000766	,abcabc
19000000767	,abcabc
19000000768	,abcabc
19000000769	,abcabc
19000000770	,abcabc
19000000771	,abcabc
19000000772	,abcabc
19000000773	,abcabc
19000000774	,abcabc
19000000775	,abcabc
19000000776	,abcabc
19000000777	,abcabc
19000000778	,abcabc
19000000779	,abcabc
19000000780	,abcabc
19000000781	,abcabc
19000000782	,abcabc
19000000783	,abcabc
19000000784	,abcabc
19000000785	,abcabc
19000000786	,abcabc
19000000787	,abcabc
19000000788	,abcabc
19000000789	,abcabc
19000000790	,abcabc
19000000791	,abcabc
19000000792	,abcabc
19000000793	,abcabc
19000000794	,abcabc
19000000795	,abcabc
19000000796	,abcabc
19000000797	,abcabc
19000000798	,abcabc
19000000799	,abcabc
19000000800	,abcabc
19000000801	,abcabc
19000000802	,abcabc
19000000803	,abcabc
19000000804	,abcabc
19000000805	,abcabc
19000000806	,abcabc
19000000807	,abcabc
19000000808	,abcabc
19000000809	,abcabc
19000000810	,abcabc
19000000811	,abcabc
19000000812	,abcabc
19000000813	,abcabc
19000000814	,abcabc
19000000815	,abcabc
19000000816	,abcabc
19000000817	,abcabc
19000000818	,abcabc
19000000819	,abcabc
19000000820	,abcabc
19000000821	,abcabc
19000000822	,abcabc
19000000823	,abcabc
19000000824	,abcabc
19000000825	,abcabc
19000000826	,abcabc
19000000827	,abcabc
19000000828	,abcabc
19000000829	,abcabc
19000000830	,abcabc
19000000831	,abcabc
19000000832	,abcabc
19000000833	,abcabc
19000000834	,abcabc
19000000835	,abcabc
19000000836	,abcabc
19000000837	,abcabc
19000000838	,abcabc
19000000839	,abcabc
19000000840	,abcabc
19000000841	,abcabc
19000000842	,abcabc
19000000843	,abcabc
19000000844	,abcabc
19000000845	,abcabc
19000000846	,abcabc
19000000847	,abcabc
19000000848	,abcabc
19000000849	,abcabc
19000000850	,abcabc
19000000851	,abcabc
19000000852	,abcabc
19000000853	,abcabc
19000000854	,abcabc
19000000855	,abcabc
19000000856	,abcabc
19000000857	,abcabc
19000000858	,abcabc
19000000859	,abcabc
19000000860	,abcabc
19000000861	,abcabc
19000000862	,abcabc
19000000863	,abcabc
19000000864	,abcabc
19000000865	,abcabc
19000000866	,abcabc
19000000867	,abcabc
19000000868	,abcabc
19000000869	,abcabc
19000000870	,abcabc
19000000871	,abcabc
19000000872	,abcabc
19000000873	,abcabc
19000000874	,abcabc
19000000875	,abcabc
19000000876	,abcabc
19000000877	,abcabc
19000000878	,abcabc
19000000879	,abcabc
19000000880	,abcabc
19000000881	,abcabc
19000000882	,abcabc
19000000883	,abcabc
19000000884	,abcabc
19000000885	,abcabc
19000000886	,abcabc
19000000887	,abcabc
19000000888	,abcabc
19000000889	,abcabc
19000000890	,abcabc
19000000891	,abcabc
19000000892	,abcabc
19000000893	,abcabc
19000000894	,abcabc
19000000895	,abcabc
19000000896	,abcabc
19000000897	,abcabc
19000000898	,abcabc
19000000899	,abcabc
19000000900	,abcabc
19000000901	,abcabc
19000000902	,abcabc
19000000903	,abcabc
19000000904	,abcabc
19000000905	,abcabc
19000000906	,abcabc
19000000907	,abcabc
19000000908	,abcabc
19000000909	,abcabc
19000000910	,abcabc
19000000911	,abcabc
19000000912	,abcabc
19000000913	,abcabc
19000000914	,abcabc
19000000915	,abcabc
19000000916	,abcabc
19000000917	,abcabc
19000000918	,abcabc
19000000919	,abcabc
19000000920	,abcabc
19000000921	,abcabc
19000000922	,abcabc
19000000923	,abcabc
19000000924	,abcabc
19000000925	,abcabc
19000000926	,abcabc
19000000927	,abcabc
19000000928	,abcabc
19000000929	,abcabc
19000000930	,abcabc
19000000931	,abcabc
19000000932	,abcabc
19000000933	,abcabc
19000000934	,abcabc
19000000935	,abcabc
19000000936	,abcabc
19000000937	,abcabc
19000000938	,abcabc
19000000939	,abcabc
19000000940	,abcabc
19000000941	,abcabc
19000000942	,abcabc
19000000943	,abcabc
19000000944	,abcabc
19000000945	,abcabc
19000000946	,abcabc
19000000947	,abcabc
19000000948	,abcabc
19000000949	,abcabc
19000000950	,abcabc
19000000951	,abcabc
19000000952	,abcabc
19000000953	,abcabc
19000000954	,abcabc
19000000955	,abcabc
19000000956	,abcabc
19000000957	,abcabc
19000000958	,abcabc
19000000959	,abcabc
19000000960	,abcabc
19000000961	,abcabc
19000000962	,abcabc
19000000963	,abcabc
19000000964	,abcabc
19000000965	,abcabc
19000000966	,abcabc
19000000967	,abcabc
19000000968	,abcabc
19000000969	,abcabc
19000000970	,abcabc
19000000971	,abcabc
19000000972	,abcabc
19000000973	,abcabc
19000000974	,abcabc
19000000975	,abcabc
19000000976	,abcabc
19000000977	,abcabc
19000000978	,abcabc
19000000979	,abcabc
19000000980	,abcabc
19000000981	,abcabc
19000000982	,abcabc
19000000983	,abcabc
19000000984	,abcabc
19000000985	,abcabc
19000000986	,abcabc
19000000987	,abcabc
19000000988	,abcabc
19000000989	,abcabc
19000000990	,abcabc
19000000991	,abcabc
19000000992	,abcabc
19000000993	,abcabc
19000000994	,abcabc
19000000995	,abcabc
19000000996	,abcabc
19000000997	,abcabc
19000000998	,abcabc
19000000999	,abcabc
19000001000	,abcabc
